{"addbookmarks":true,"bookmarks":[{"name":"Zonas de interés","items":[{"name":"Caldera fría","extent":{"xmin":-401529.28985493595,"ymin":4933184.784290034,"xmax":-401356.1122127803,"ymax":4933304.217146693,"spatialReference":{"wkid":102100}},"thumbnail":"/webappbuilder/apps/7/widgets/eBookmark/images/thumbnail_default.png"},{"name":"Auditorio","extent":{"xmin":-401642.6079556683,"ymin":4932200.268741646,"xmax":-400949.8973868924,"ymax":4932678.000168388,"spatialReference":{"wkid":102100}},"thumbnail":"/webappbuilder/apps/7/widgets/eBookmark/images/thumbnail_default.png"},{"name":"Parking principal","extent":{"xmin":-402361.29105227115,"ymin":4932793.113971718,"xmax":-402014.9357678065,"ymax":4933031.979685141,"spatialReference":{"wkid":102100}},"thumbnail":"/webappbuilder/apps/7/widgets/eBookmark/images/thumbnail_default.png"}],"expanded":true}]}
